,source_id,Kids
0,265579,1.0
1,272821,2.0
3,277626,1.0
7,250965,1.0
9,249325,2.0
10,274226,1.0
12,263966,1.0
13,292268,2.0
14,280816,1.0
15,270306,1.0
18,270614,1.0
26,268275,1.0
27,291405,2.0
28,276530,3.0
29,249718,1.0
32,253568,1.0
33,275225,1.0
34,269376,1.0
36,268971,1.0
38,291968,1.0
39,251849,1.0
40,290175,1.0
45,354557,2.0
47,260682,1.0
49,282996,1.0
53,256003,1.0
54,252494,2.0
55,252635,1.0
56,286262,1.0
57,259073,2.0
59,263169,1.0
61,257305,1.0
63,250470,1.0
66,269661,2.0
67,272343,1.0
68,280928,1.0
73,279549,2.0
74,266006,2.0
76,280980,1.0
77,266240,1.0
78,255999,1.0
79,287570,2.0
80,50591,2.0
81,278825,1.0
82,270585,1.0
85,274638,1.0
87,292364,2.0
89,264706,1.0
90,273985,1.0
91,281651,1.0
92,254200,1.0
94,251315,1.0
95,255508,1.0
96,354513,1.0
97,275635,1.0
99,267608,2.0
100,291689,2.0
101,267678,1.0
102,273245,1.0
104,272062,2.0
105,290632,1.0
107,266600,1.0
111,278550,1.0
113,251015,2.0
114,290936,2.0
116,62321,1.0
117,285676,2.0
119,262896,1.0
120,250226,1.0
121,259183,1.0
126,267661,2.0
127,255266,2.0
128,266886,1.0
129,275685,1.0
131,250914,1.0
133,289428,1.0
135,284094,1.0
136,262341,2.0
139,289427,1.0
140,256710,2.0
142,276932,1.0
143,289103,2.0
144,282582,1.0
145,274607,1.0
146,277909,2.0
148,266624,2.0
152,286609,1.0
153,251227,1.0
154,267792,2.0
156,276816,1.0
157,252876,1.0
158,257105,2.0
159,265650,1.0
160,285600,2.0
161,249193,1.0
163,262865,1.0
164,265981,1.0
0,251119,1.0
3,271867,1.0
4,283819,1.0
7,44874,1.0
9,280541,1.0
10,281297,1.0
16,249648,1.0
22,282236,2.0
24,291729,2.0
25,252039,1.0
27,55953,1.0
29,285018,1.0
30,250475,1.0
31,263222,1.0
33,274283,2.0
35,275437,1.0
39,270824,1.0
40,262298,1.0
41,47791,1.0
42,278567,1.0
43,71352,4.0
45,276445,1.0
46,279647,1.0
50,271981,1.0
51,267453,1.0
54,288734,1.0
55,288618,1.0
57,272048,1.0
58,285030,1.0
61,262748,1.0
63,256519,1.0
67,262630,2.0
70,257046,1.0
71,57153,1.0
76,255379,2.0
77,253966,1.0
80,274396,1.0
83,265547,1.0
84,263168,1.0
86,276202,1.0
88,280046,2.0
91,280679,1.0
93,285138,2.0
94,293140,1.0
95,257348,1.0
96,268848,1.0
98,281595,1.0
101,255516,1.0
103,265136,1.0
104,272048,1.0
105,260212,2.0
106,267953,1.0
107,277704,1.0
108,278548,1.0
109,285256,1.0
111,279575,2.0
112,255126,1.0
114,290839,1.0
116,61464,1.0
119,48913,1.0
120,265072,1.0
121,266886,1.0
124,266162,1.0
132,265136,1.0
133,283800,1.0
134,252050,2.0
135,46497,1.0
136,257180,1.0
138,47502,1.0
139,54930,1.0
140,278091,1.0
142,287947,1.0
144,262580,2.0
145,266838,1.0
146,59206,1.0
149,253535,1.0
150,251584,1.0
151,269219,1.0
152,276307,1.0
153,295195,1.0
156,45901,1.0
157,43570,1.0
159,267507,1.0
161,45187,1.0
162,273245,1.0
165,275376,2.0
167,277360,2.0
168,278567,1.0
170,259536,1.0
171,266262,1.0
176,51047,1.0
177,42073,1.0
178,257105,2.0
182,294421,2.0
184,249673,1.0
189,51208,1.0
190,266262,1.0
191,258501,1.0
192,280491,1.0
197,281117,1.0
200,45180,1.0
203,251956,1.0
204,252359,1.0
206,268136,1.0
210,266033,1.0
212,47048,1.0
213,268781,1.0
214,272936,1.0
215,280039,1.0
220,283310,1.0
223,300080,2.0
224,250417,1.0
230,69254,1.0
231,290800,1.0
235,250996,1.0
236,257805,1.0
238,276455,1.0
241,289427,1.0
243,58692,1.0
244,283301,1.0
245,268138,1.0
246,288458,2.0
248,61398,1.0
249,292085,1.0
252,247930,1.0
253,261419,1.0
254,263697,1.0
257,250824,1.0
258,264375,1.0
259,279931,1.0
260,254186,1.0
262,50981,1.0
264,251290,1.0
265,53346,1.0
268,288312,2.0
269,288308,1.0
272,291807,1.0
274,266586,1.0
276,287963,1.0
277,269078,1.0
278,279019,2.0
280,44831,1.0
281,278886,1.0
282,295204,1.0
285,279555,1.0
288,270590,2.0
289,249645,1.0
290,254327,1.0
291,258020,1.0
293,289138,2.0
295,43158,1.0
297,44800,1.0
299,49168,1.0
300,270358,1.0
303,269364,1.0
305,265561,1.0
306,277186,1.0
310,248104,1.0
313,276743,1.0
314,286620,2.0
315,55053,2.0
316,278950,1.0
320,290257,2.0
324,273163,1.0
327,61316,1.0
328,283307,2.0
329,71910,1.0
330,249065,1.0
331,52850,1.0
332,271679,1.0
333,255142,1.0
342,254264,2.0
346,251232,2.0
347,260195,1.0
349,254318,1.0
351,272069,1.0
352,57114,1.0
355,267691,1.0
356,41778,1.0
359,253790,1.0
362,283957,1.0
364,58496,1.0
366,283050,1.0
368,275532,1.0
371,268260,2.0
375,279439,2.0
377,267765,1.0
380,273038,1.0
381,267661,2.0
385,279735,1.0
387,272376,1.0
388,276600,1.0
389,279089,1.0
390,262833,1.0
392,268159,1.0
394,285432,1.0
395,276202,1.0
397,48498,1.0
398,261137,2.0
399,267500,1.0
400,261418,1.0
401,267921,1.0
404,249877,2.0
405,249933,2.0
409,278825,1.0
410,250987,1.0
411,42900,1.0
412,253624,1.0
416,42865,1.0
417,270262,1.0
419,288962,1.0
420,274151,1.0
422,262304,1.0
424,269446,1.0
427,265531,1.0
428,272639,1.0
429,260431,1.0
431,274226,1.0
444,285435,1.0
447,260380,1.0
453,292364,2.0
454,253749,1.0
456,279689,1.0
458,69245,1.0
459,47877,1.0
460,282236,2.0
466,300090,1.0
467,288148,1.0
468,262657,1.0
470,62444,1.0
471,290839,1.0
472,262437,1.0
473,48802,1.0
476,70799,1.0
478,285878,1.0
481,275712,1.0
483,268398,1.0
484,276530,3.0
485,61632,2.0
487,266746,1.0
488,62444,1.0
489,282713,1.0
492,275997,1.0
493,269340,2.0
494,250996,1.0
496,266162,1.0
499,267915,1.0
503,53556,1.0
504,268815,1.0
505,277360,2.0
506,251133,1.0
509,283461,1.0
514,250908,1.0
515,267056,1.0
517,58074,1.0
518,63246,1.0
519,262087,1.0
520,56323,1.0
521,280633,1.0
522,44874,1.0
523,270347,1.0
527,255249,1.0
528,269699,1.0
529,39727,1.0
534,57536,1.0
535,59911,1.0
536,283307,2.0
537,291850,1.0
546,263377,1.0
549,248305,2.0
551,269546,1.0
552,59911,1.0
553,260367,1.0
554,261896,2.0
555,354905,1.0
556,266644,1.0
557,55218,1.0
559,264700,1.0
561,265986,1.0
562,270278,1.0
563,267210,2.0
564,265068,1.0
568,255366,1.0
569,276531,3.0
570,278794,1.0
573,264731,2.0
574,20269,1.0
575,255183,1.0
576,48802,1.0
577,61186,1.0
578,277683,1.0
579,287583,1.0
582,49913,1.0
584,268991,1.0
587,282871,2.0
588,274694,2.0
591,64329,2.0
592,285413,2.0
594,53777,1.0
595,63275,2.0
597,289991,1.0
598,272060,2.0
600,49361,1.0
602,273845,1.0
606,292322,1.0
607,289538,2.0
610,52758,1.0
612,70128,1.0
615,68834,1.0
619,251232,2.0
620,266005,2.0
622,281289,1.0
624,250306,1.0
626,272113,1.0
628,265290,1.0
629,266886,1.0
634,261057,2.0
635,253535,1.0
636,286323,1.0
639,267548,1.0
641,250475,1.0
643,257430,1.0
646,263223,1.0
647,265140,1.0
648,279142,1.0
649,281944,1.0
650,294495,2.0
651,279101,2.0
652,40405,1.0
653,44704,1.0
654,257046,1.0
655,254186,1.0
657,257358,1.0
658,263948,2.0
659,286020,1.0
665,282064,1.0
668,265547,1.0
669,289734,1.0
670,57114,1.0
679,271632,1.0
681,271620,1.0
684,261379,1.0
687,279089,1.0
689,262087,1.0
690,286324,1.0
691,282530,1.0
692,264792,1.0
694,53828,2.0
701,278268,1.0
703,263056,1.0
704,266003,1.0
705,62255,1.0
706,40858,1.0
709,266120,1.0
710,72206,1.0
711,270306,1.0
715,278825,1.0
717,288294,1.0
718,277075,1.0
719,283650,1.0
720,68635,1.0
721,69969,1.0
722,27333,1.0
724,284568,1.0
730,269439,1.0
731,274607,1.0
733,267548,1.0
734,293167,1.0
735,258164,1.0
739,261220,1.0
747,258440,1.0
751,289432,1.0
752,281842,1.0
753,260367,1.0
756,279821,1.0
757,279089,1.0
759,269364,1.0
760,50209,2.0
761,267631,2.0
763,268034,1.0
765,256420,1.0
767,272669,1.0
769,253895,2.0
772,269082,1.0
775,274396,1.0
778,285035,1.0
780,274351,1.0
781,64331,1.0
782,283518,1.0
783,285224,1.0
784,281193,1.0
785,287963,1.0
786,254327,1.0
787,280697,1.0
788,280643,1.0
792,285432,1.0
794,250470,1.0
795,57851,1.0
796,251852,1.0
797,266018,1.0
800,263277,1.0
801,285600,2.0
802,71352,4.0
804,269868,1.0
809,267063,2.0
810,283649,1.0
812,276763,1.0
814,262657,1.0
816,283656,1.0
817,38729,1.0
821,273365,2.0
822,268848,1.0
827,50981,1.0
828,249837,1.0
829,273570,1.0
830,67114,1.0
831,290213,1.0
833,48755,1.0
838,290022,1.0
845,261750,1.0
846,47659,1.0
847,250327,1.0
854,39727,1.0
856,249673,1.0
857,269381,2.0
860,186471,1.0
861,260587,1.0
862,250575,1.0
864,271899,1.0
865,58654,1.0
866,268943,2.0
868,248021,1.0
871,278950,1.0
872,265225,1.0
873,53491,1.0
874,6604,1.0
875,40769,1.0
879,269586,1.0
882,271899,1.0
886,266886,1.0
889,276813,1.0
891,247650,1.0
892,267915,1.0
893,186545,1.0
895,266026,1.0
896,53321,1.0
897,282744,1.0
898,354679,1.0
899,42043,1.0
900,251047,1.0
901,250977,1.0
902,272639,1.0
903,278886,1.0
905,276352,1.0
906,288734,1.0
907,274641,2.0
912,281651,1.0
915,67801,2.0
916,291135,1.0
921,273615,2.0
925,268446,1.0
926,261927,1.0
927,277360,2.0
929,266668,1.0
930,267781,1.0
931,260587,1.0
932,267678,1.0
934,276150,1.0
937,251133,1.0
938,251668,1.0
939,253951,1.0
942,282871,2.0
943,271747,1.0
946,266088,1.0
948,269396,2.0
949,279863,1.0
950,293225,1.0
951,354896,1.0
952,276368,1.0
957,251779,2.0
959,277688,1.0
960,288294,1.0
962,271851,1.0
963,289472,1.0
964,290379,1.0
965,291729,2.0
966,272693,1.0
968,39090,1.0
969,269868,1.0
975,284175,1.0
976,253889,1.0
977,275376,2.0
979,260330,2.0
980,47818,1.0
981,268034,1.0
984,276932,1.0
986,275598,1.0
992,44423,1.0
994,282773,1.0
995,288333,1.0
997,258329,1.0
998,279044,1.0
1004,290475,1.0
1006,254186,1.0
1011,268871,1.0
1014,54645,2.0
1015,275376,2.0
1017,40769,1.0
1018,49416,1.0
1019,62112,1.0
1020,52406,1.0
1023,63246,1.0
1025,292268,2.0
1026,274205,1.0
1027,270815,2.0
1028,273349,1.0
1031,62375,1.0
1033,265547,1.0
1035,270093,1.0
1039,266387,1.0
1040,260693,1.0
1042,270262,1.0
1043,285276,1.0
1045,255864,1.0
1046,275712,1.0
1047,294495,2.0
1049,273245,1.0
1050,53556,1.0
1051,278042,1.0
1053,354896,1.0
1054,186081,1.0
1055,271697,1.0
1057,269439,1.0
1059,290387,1.0
1060,257348,1.0
1061,270821,1.0
1064,298919,1.0
1065,57596,1.0
1067,261335,2.0
1069,57052,1.0
1076,274022,1.0
1078,291419,1.0
1082,279564,1.0
1084,273597,1.0
1085,293827,1.0
1086,298394,1.0
1090,260195,1.0
1092,283349,1.0
1094,280541,1.0
1095,272049,1.0
1100,261409,1.0
1101,285435,1.0
1103,65091,1.0
1106,275900,2.0
1107,279822,1.0
1109,254004,1.0
1112,61665,1.0
1114,53573,1.0
1115,256710,2.0
1116,273925,2.0
1117,265914,1.0
1119,274441,1.0
1120,282744,1.0
1121,256003,1.0
1125,57535,1.0
1127,263377,1.0
1128,27660,1.0
1131,255379,2.0
1133,68702,1.0
1134,266083,1.0
1135,48721,1.0
1137,260868,3.0
1139,263169,1.0
1143,266641,1.0
1144,40683,1.0
1145,272069,1.0
1146,58377,2.0
1148,249161,2.0
1149,275671,2.0
1151,268817,1.0
1154,268938,1.0
1156,270073,1.0
1158,280777,1.0
1159,251584,1.0
1163,265057,1.0
1168,261501,1.0
1169,265197,1.0
1171,279466,1.0
1173,273412,1.0
1174,47026,1.0
1175,277746,2.0
1176,281876,1.0
1177,251910,1.0
1180,49441,1.0
1182,285097,1.0
1183,41780,1.0
1188,274850,1.0
1189,266176,1.0
1194,274696,1.0
1197,251825,1.0
1198,260693,1.0
1199,50981,1.0
1201,268136,1.0
1204,279629,1.0
1205,270093,1.0
1207,247649,1.0
1208,248318,1.0
1209,266053,1.0
1211,274377,1.0
1213,278542,1.0
1214,286022,1.0
1218,268171,1.0
1219,253569,1.0
1220,284304,1.0
1224,53904,1.0
1225,270200,1.0
1226,279320,1.0
1228,63246,1.0
1229,49850,2.0
1233,62527,2.0
1234,269690,1.0
1235,274055,1.0
1236,281842,1.0
1239,38420,1.0
1242,282433,2.0
1244,286323,1.0
1247,44831,1.0
1248,256420,1.0
1249,280611,1.0
1252,266269,1.0
1259,268398,1.0
1261,295223,1.0
1262,46192,1.0
1264,270348,1.0
1266,266262,1.0
1267,266162,1.0
1268,64329,2.0
1269,265343,1.0
1271,51845,1.0
1272,284735,1.0
1274,257035,1.0
1278,45180,1.0
1279,270807,1.0
1286,261832,1.0
1287,284499,1.0
1290,284212,1.0
1291,249031,1.0
1295,265605,1.0
1297,69434,1.0
1299,266746,1.0
1300,43158,1.0
1301,263158,2.0
1302,275722,1.0
1303,287535,1.0
1304,280071,1.0
1306,39727,1.0
1308,286154,1.0
1310,270278,1.0
1311,38420,1.0
1312,262298,1.0
1314,268435,1.0
1322,44423,1.0
1323,256420,1.0
1326,64957,1.0
1328,262345,1.0
1329,288721,1.0
1332,287155,1.0
1333,271697,1.0
1334,274151,1.0
1335,281289,1.0
1336,247930,1.0
1337,251133,1.0
1338,261050,1.0
1339,39973,1.0
1342,253780,1.0
1345,269076,2.0
1347,39674,1.0
1350,253764,2.0
1352,276932,1.0
1354,290484,2.0
1355,274022,1.0
1357,284911,1.0
1359,289488,1.0
1361,280550,1.0
1362,45180,1.0
1364,249718,1.0
1370,255327,1.0
1371,267915,1.0
1373,260367,1.0
1381,265605,1.0
1382,270193,1.0
1384,262642,1.0
1386,283371,1.0
1388,270824,1.0
1389,265574,1.0
1392,268832,1.0
1394,285600,2.0
1396,260711,1.0
1397,272069,1.0
1398,286262,1.0
1400,277891,2.0
1403,286537,1.0
1405,276683,1.0
1406,280764,2.0
1407,286299,1.0
1408,266003,1.0
1409,289483,1.0
1410,268847,1.0
1415,62527,2.0
1417,53491,1.0
1418,267482,2.0
1419,251233,2.0
1424,285081,2.0
1427,47818,1.0
1429,54094,1.0
1430,289416,1.0
1431,267898,1.0
1433,255780,1.0
1435,249933,2.0
1436,274460,2.0
1437,260269,1.0
1439,68702,1.0
1440,286501,1.0
1441,262914,1.0
1443,280095,1.0
1444,259486,1.0
1448,266668,1.0
1449,249048,1.0
1451,290379,1.0
1453,275650,1.0
1455,282689,1.0
1456,275376,2.0
1457,247649,1.0
1458,264368,2.0
1459,43069,1.0
1461,252426,1.0
1462,266009,1.0
1465,263913,1.0
1468,289532,1.0
1469,299978,2.0
1470,272632,1.0
1471,278825,1.0
1476,276445,1.0
1478,269305,1.0
1479,291684,2.0
1487,276079,1.0
1489,265547,1.0
1490,60099,1.0
1491,262420,1.0
1493,252076,1.0
1496,38555,1.0
1499,57114,1.0
1501,258501,1.0
1503,50684,1.0
1504,268147,1.0
1506,278640,1.0
1507,72207,1.0
1508,268972,1.0
1509,61038,2.0
1510,265044,1.0
1513,262087,1.0
1517,286567,1.0
1518,42503,1.0
1519,38420,1.0
1520,263453,3.0
1522,256333,1.0
1524,255278,1.0
1525,285224,1.0
1528,268991,1.0
1529,258112,1.0
1530,65539,1.0
1532,278680,1.0
1533,258104,2.0
1534,258511,1.0
1537,265150,1.0
1540,261379,1.0
1541,57194,1.0
1542,58349,1.0
1543,38974,1.0
1545,283073,1.0
1546,278556,1.0
1547,52992,1.0
1556,53476,1.0
1558,263673,1.0
1559,266009,1.0
1561,282689,1.0
1567,249065,1.0
1568,248104,1.0
1570,45710,1.0
1572,289482,1.0
1574,263169,1.0
1577,292674,1.0
1578,48436,1.0
1579,276067,1.0
1581,282416,1.0
1582,45990,2.0
1584,58496,1.0
1585,257180,1.0
1587,258100,1.0
1590,282064,1.0
1592,255247,1.0
1593,275122,2.0
1595,45901,1.0
1597,251910,1.0
1598,287916,2.0
1601,251719,2.0
1603,285356,1.0
1605,270499,1.0
1606,64920,1.0
1611,255516,1.0
1612,274068,2.0
1613,262290,1.0
1618,278975,1.0
1619,252379,1.0
1620,272708,1.0
1622,265605,1.0
1624,64002,1.0
1625,266120,1.0
1631,262136,1.0
1633,280895,1.0
1634,301316,1.0
1636,42865,1.0
1637,277151,1.0
1638,62385,1.0
1639,265136,1.0
1641,40148,1.0
1643,58933,2.0
1644,59814,1.0
1645,59911,1.0
1646,295541,1.0
1648,265230,1.0
1650,265290,1.0
1652,273894,1.0
1653,257046,1.0
1657,251634,1.0
1660,279620,1.0
1665,290664,1.0
1666,255126,1.0
1668,257933,1.0
1669,278643,1.0
1671,267758,1.0
1672,55384,2.0
1678,250993,1.0
1680,264611,1.0
1683,61317,1.0
1684,301198,1.0
1685,249877,2.0
1688,272669,1.0
1689,283800,1.0
1690,272639,1.0
1693,254273,1.0
1696,281451,1.0
1697,61398,1.0
1698,288977,1.0
1702,273266,1.0
1703,297713,1.0
1707,46334,1.0
1708,270193,1.0
1709,269305,1.0
1711,274221,1.0
1713,266018,1.0
1714,272103,2.0
1715,293811,1.0
1716,61826,1.0
1717,264430,2.0
1720,53500,1.0
1723,269303,1.0
1724,188174,1.0
1725,282950,1.0
1726,285702,1.0
1727,273762,1.0
1731,49105,1.0
1732,285402,1.0
1735,58496,1.0
1736,272997,1.0
1738,61691,2.0
1742,274083,1.0
1743,277785,2.0
1744,270488,1.0
1745,58348,1.0
1748,284145,2.0
1749,275404,2.0
1750,286146,2.0
1754,252075,1.0
1755,267564,1.0
1757,68367,1.0
1761,285398,2.0
1762,294950,1.0
1766,251849,1.0
1767,268971,1.0
1768,63589,1.0
1769,281751,1.0
1770,286575,2.0
1773,261479,1.0
1774,275916,1.0
1775,72205,1.0
1776,50475,1.0
1777,265169,1.0
1780,268171,1.0
1783,263453,3.0
1789,268388,1.0
1791,256034,1.0
1793,269803,1.0
1797,71910,1.0
1798,252379,1.0
1800,270614,1.0
1804,53294,1.0
1805,59911,1.0
1806,49794,1.0
1809,258501,1.0
1813,275445,1.0
1815,265494,1.0
1817,274979,1.0
1822,272557,2.0
1823,260711,1.0
1824,278356,1.0
1827,43291,1.0
1829,267915,1.0
1830,269371,1.0
1833,55536,1.0
1834,263800,1.0
1835,64331,1.0
1842,266018,1.0
1843,66873,1.0
1844,271728,2.0
1847,72293,1.0
1848,253068,1.0
1849,288123,1.0
1851,253569,1.0
1852,282689,1.0
1853,267617,2.0
1854,266936,1.0
1856,266892,1.0
1857,274694,2.0
1860,250475,1.0
1862,250993,1.0
1863,45963,1.0
1866,253669,1.0
1868,274481,1.0
1870,278471,1.0
1871,257288,1.0
1876,285256,1.0
1879,265561,1.0
1880,275701,1.0
1885,268435,1.0
1886,268039,1.0
1887,64331,1.0
1888,289003,1.0
1889,273169,1.0
1890,264430,2.0
1895,57114,1.0
1896,272693,1.0
1899,53346,1.0
1900,285015,1.0
1901,270555,1.0
1903,45804,1.0
1905,262921,1.0
1906,61464,1.0
1909,44874,1.0
1912,285094,1.0
1917,278502,1.0
1919,274372,2.0
1920,189420,2.0
1921,265343,1.0
1923,287464,1.0
1925,264706,1.0
1928,289734,1.0
1932,274638,1.0
1936,283017,1.0
1937,250248,1.0
1938,290475,1.0
1939,70526,1.0
1940,42900,1.0
1943,262633,1.0
1946,266000,2.0
1947,248121,1.0
1948,272693,1.0
1950,188175,1.0
1951,68635,1.0
1956,273845,1.0
1959,274029,1.0
1961,262298,1.0
1965,260290,1.0
1967,268171,1.0
1969,63275,2.0
1970,257305,1.0
1973,52758,1.0
1974,263931,1.0
1977,269305,1.0
1978,283042,1.0
1980,273615,2.0
1981,52868,1.0
1984,254186,1.0
1985,64332,1.0
1988,270012,1.0
1990,274784,1.0
1992,253551,1.0
1994,269347,1.0
1996,284017,1.0
1998,186471,1.0
2002,354621,1.0
2003,291385,1.0
2004,262922,1.0
2005,263966,1.0
2007,53828,2.0
2013,273036,1.0
2014,283371,1.0
2016,268435,1.0
2017,58349,1.0
2019,65304,2.0
2021,271981,1.0
2022,262921,1.0
2026,54094,1.0
2028,268136,1.0
2030,273163,1.0
2032,277710,1.0
2033,39919,2.0
2036,259121,2.0
2037,263064,1.0
2038,277186,1.0
2039,248017,2.0
2041,272146,1.0
2042,272821,2.0
2043,286349,1.0
2044,291596,2.0
2045,272119,1.0
2046,188174,1.0
2047,49353,1.0
2048,265887,1.0
2049,53499,1.0
2050,267655,3.0
2051,289427,1.0
2052,289991,1.0
2053,288332,1.0
2054,185674,1.0
2056,279284,1.0
2059,262849,2.0
2060,258112,1.0
2065,262420,1.0
2066,252660,1.0
2067,252630,1.0
2068,270600,2.0
2073,71143,1.0
2074,56375,1.0
2075,253571,1.0
2076,267953,1.0
2077,269546,1.0
2079,268971,1.0
2082,256420,1.0
2085,40331,1.0
2087,291747,1.0
2094,45189,1.0
2095,258112,1.0
2096,266018,1.0
2098,288642,1.0
2099,58508,1.0
2100,60025,2.0
2101,70951,2.0
2104,64001,1.0
2107,288356,1.0
2108,49795,1.0
2109,261998,1.0
2114,270193,1.0
2115,289734,1.0
2119,70522,2.0
2121,252484,1.0
2124,55861,1.0
2125,278950,1.0
2127,251008,1.0
2130,276147,1.0
2131,273155,1.0
2132,262686,1.0
2133,255297,1.0
2136,272608,3.0
2137,40405,1.0
2138,276368,1.0
2139,53491,1.0
2140,264425,1.0
2141,274696,1.0
2142,279019,2.0
2144,252359,1.0
2148,260693,1.0
2150,259110,1.0
2152,264609,1.0
2153,288542,1.0
2154,266284,1.0
2156,187363,2.0
2158,27333,1.0
2160,252376,1.0
2163,294207,1.0
2164,259426,2.0
2166,272048,1.0
2168,267838,1.0
2171,256070,2.0
2173,265291,1.0
2174,280928,1.0
2175,289416,1.0
2177,261927,1.0
2178,288977,1.0
2180,261538,1.0
2181,6604,1.0
2183,268054,1.0
2186,288734,1.0
2187,68512,1.0
2188,69434,1.0
2189,268884,1.0
2192,282870,2.0
2193,289428,1.0
2197,261501,1.0
2198,263169,1.0
2200,269305,1.0
2201,268943,2.0
2202,287582,1.0
2203,255439,1.0
2205,270099,1.0
2207,278325,1.0
2208,289512,1.0
2210,255175,1.0
2213,287610,1.0
2221,273279,2.0
2223,262747,1.0
2228,273169,1.0
2229,277979,1.0
2231,270073,1.0
2232,61327,1.0
2233,266003,1.0
2235,282582,1.0
2237,272897,2.0
2238,271949,1.0
2239,58692,1.0
2240,279041,1.0
2241,282743,1.0
2243,260339,1.0
2244,269738,1.0
2245,280486,1.0
2246,280809,1.0
2247,267781,1.0
2248,288201,1.0
2253,291847,1.0
2254,62256,1.0
2258,291405,2.0
2260,268815,1.0
2263,273845,1.0
2265,251825,1.0
2272,271747,1.0
2278,267998,1.0
2279,354803,1.0
2280,55774,1.0
2281,284098,1.0
2283,261409,1.0
2284,50684,1.0
2287,278942,1.0
2288,60573,1.0
2289,282064,1.0
2290,278942,1.0
2293,280472,1.0
2295,291807,1.0
2299,54094,1.0
2300,55815,1.0
2302,67138,1.0
2303,270424,1.0
2304,55869,1.0
2306,65703,1.0
2308,298904,1.0
2309,255209,1.0
2311,292046,2.0
2312,45990,2.0
2313,257132,1.0
2316,268969,1.0
2319,270093,1.0
2321,269630,1.0
2322,250207,1.0
2326,48755,1.0
2328,69781,1.0
2330,270600,2.0
2331,186135,1.0
2332,297690,1.0
2335,276620,1.0
2336,262465,1.0
2340,275524,1.0
2343,62366,1.0
2344,264392,1.0
2347,186471,1.0
2349,57052,1.0
2350,250914,1.0
2351,68702,1.0
2353,53321,1.0
2355,265494,1.0
2356,259110,1.0
2357,268997,2.0
2361,262285,1.0
2363,255105,1.0
2364,260368,1.0
2365,277075,1.0
2366,268136,1.0
2367,61398,1.0
2368,54930,1.0
2369,269876,1.0
2370,284017,1.0
2371,59206,1.0
2374,257805,1.0
2375,267661,2.0
2377,253550,1.0
2379,287261,1.0
2384,268171,1.0
2388,268088,2.0
2389,255142,1.0
2391,291060,1.0
2392,280307,1.0
2394,280439,1.0
2396,188751,1.0
2397,289427,1.0
2400,68834,1.0
2404,276816,1.0
2407,291847,1.0
2412,288070,1.0
2415,69969,1.0
2417,265290,1.0
2418,272693,1.0
2419,268884,1.0
2421,274032,2.0
2423,265072,1.0
2425,66247,1.0
2430,251910,1.0
2432,45228,1.0
2435,253786,1.0
2437,265985,1.0
2438,293930,1.0
2442,47329,1.0
2443,261341,2.0
2444,277891,2.0
2446,271851,1.0
2449,269658,1.0
2451,268034,1.0
2452,269690,1.0
2454,276150,1.0
2456,55882,1.0
2457,280571,1.0
2458,290783,1.0
2459,275437,1.0
2462,268971,1.0
2463,264663,1.0
2466,258053,2.0
2467,282603,1.0
2472,255108,1.0
2473,251968,2.0
2474,253942,1.0
2475,249877,2.0
2476,249806,2.0
2477,270588,1.0
2478,276600,1.0
2479,274250,2.0
2481,38964,3.0
2482,286785,1.0
2483,250285,1.0
2484,256710,2.0
2486,268163,1.0
2488,276134,1.0
2489,69969,1.0
2490,72645,1.0
2492,257107,2.0
2493,266007,2.0
2494,266009,1.0
2495,269439,1.0
2496,292626,2.0
2497,292414,1.0
2498,253582,1.0
2499,45283,1.0
2501,271851,1.0
2503,295541,1.0
2504,70796,1.0
2505,270012,1.0
2506,285097,1.0
2507,274881,1.0
2508,277566,1.0
2512,270824,1.0
2513,50981,1.0
2516,270588,1.0
2522,278083,1.0
2523,270585,1.0
2526,296074,1.0
2527,289526,1.0
2530,282996,1.0
2531,296931,1.0
2533,266387,1.0
2534,261501,1.0
2536,276019,2.0
2539,293159,1.0
2541,68449,1.0
2542,276231,2.0
2545,277682,2.0
2549,68140,1.0
2550,252079,1.0
2552,268942,2.0
2554,291850,1.0
2555,286299,1.0
2556,293915,1.0
2557,291738,1.0
2560,288389,1.0
2561,260382,1.0
2562,264663,1.0
2563,273648,1.0
2567,55737,1.0
2569,63699,1.0
2570,47479,1.0
2572,292326,2.0
2573,259555,1.0
2574,64332,1.0
2575,275256,2.0
2581,279689,1.0
2582,40858,1.0
2583,287464,1.0
2585,256666,1.0
2586,260195,1.0
2587,49867,1.0
2589,269707,1.0
2590,270597,1.0
2594,64957,1.0
2595,250957,1.0
2597,290227,1.0
2598,45180,1.0
2599,262747,1.0
2600,278567,1.0
2601,249325,2.0
2602,269708,2.0
2604,274429,1.0
2605,292322,1.0
2607,269030,2.0
2608,61316,1.0
2610,267691,1.0
2611,265645,2.0
2614,251233,2.0
2615,295195,1.0
2616,289757,1.0
2619,262589,1.0
2620,268847,1.0
2621,276202,1.0
2622,255379,2.0
2623,256476,1.0
2626,248171,1.0
2629,265579,1.0
2630,268034,1.0
2631,274014,2.0
2632,266977,1.0
2636,49416,1.0
2639,53338,2.0
2640,62444,1.0
2642,281014,1.0
2643,257933,1.0
2646,50365,1.0
2647,47048,1.0
2649,271697,1.0
2653,285356,1.0
2655,274014,2.0
2656,282576,1.0
2658,266284,1.0
2659,43158,1.0
2660,274891,1.0
2662,288978,1.0
2665,291205,1.0
2667,271680,1.0
2669,265150,1.0
2671,268054,1.0
2674,290475,1.0
2675,53573,1.0
2676,265923,1.0
2677,54704,2.0
2678,270020,1.0
2679,294382,1.0
2681,284671,2.0
2682,272475,2.0
2685,267722,1.0
2686,277150,1.0
2688,261137,2.0
2690,255379,2.0
2691,286010,1.0
2692,283773,1.0
2693,252379,1.0
2694,275445,1.0
2695,267765,1.0
2696,70537,1.0
2698,261409,1.0
2699,268782,1.0
2700,56939,1.0
2701,291807,1.0
2702,291494,1.0
2703,55913,1.0
2704,291891,1.0
2705,55774,1.0
2706,283301,1.0
2709,190567,1.0
2716,285094,1.0
2717,61826,1.0
2718,67937,1.0
2719,266250,1.0
2720,288078,1.0
2723,250327,1.0
2724,287104,2.0
2726,256430,1.0
2727,265319,1.0
2728,279475,1.0
2730,292258,2.0
2731,290006,1.0
2734,296066,1.0
2736,56870,1.0
2738,274280,2.0
2739,277312,2.0
2741,268848,1.0
2742,354711,1.0
2743,285402,1.0
2744,268817,1.0
2745,288981,1.0
2746,44423,1.0
2747,270360,1.0
2750,252543,1.0
2753,271697,1.0
2754,272146,1.0
2756,250996,1.0
2758,262657,1.0
2759,265038,1.0
2760,285224,1.0
2761,269076,2.0
2763,268398,1.0
2765,354775,1.0
2767,275462,2.0
2768,40632,1.0
2769,271709,1.0
2770,279689,1.0
2771,270428,1.0
2773,255999,1.0
2775,276270,1.0
2776,268387,1.0
2777,294413,1.0
2779,278307,1.0
2780,267916,1.0
2782,51208,1.0
2784,290598,1.0
2786,269630,1.0
2787,272458,2.0
2790,278325,1.0
2792,265197,1.0
2796,63275,2.0
2797,264425,1.0
2800,265197,1.0
2801,273958,1.0
2802,280605,2.0
2805,277075,1.0
2808,48711,1.0
2809,290783,1.0
2810,42904,1.0
2811,67431,1.0
2813,62856,2.0
2814,268952,2.0
2815,267765,1.0
2817,61186,1.0
2819,272376,1.0
2823,263246,1.0
2824,257269,1.0
2825,49441,1.0
2826,267041,1.0
2828,287416,1.0
2829,290167,1.0
2830,275437,1.0
2831,269630,1.0
2834,249648,1.0
2836,252660,1.0
2837,273985,1.0
2840,44831,1.0
2842,49361,1.0
2847,260554,1.0
2848,48269,1.0
2850,281211,1.0
2851,281741,1.0
2854,265494,1.0
2855,271867,1.0
2857,252739,1.0
2858,267758,1.0
2859,286154,1.0
2860,290987,1.0
2861,63697,1.0
2862,266013,1.0
2863,279019,2.0
2866,354624,1.0
2867,284671,2.0
2869,51864,1.0
2870,55927,1.0
2872,291596,2.0
2873,249877,2.0
2874,264426,1.0
2876,354680,1.0
2879,286356,1.0
2883,273362,2.0
2890,250265,1.0
2892,189420,2.0
2893,55861,1.0
2894,278448,1.0
2895,294413,1.0
2896,269044,1.0
2898,293903,1.0
2903,269396,2.0
2904,277906,2.0
2905,279466,1.0
2907,266936,1.0
2913,263913,1.0
2914,280439,1.0
2918,261308,1.0
2924,292311,1.0
2926,273362,2.0
2928,273362,2.0
2929,272821,2.0
2931,278788,1.0
2932,286961,1.0
2937,269787,1.0
2940,265169,1.0
2941,268848,1.0
2942,270604,1.0
0,45187,1.0
1,44876,1.0
6,40773,1.0
8,35649,1.0
12,38788,1.0
17,40152,2.0
19,47622,2.0
24,49795,1.0
26,43231,1.0
28,46497,1.0
29,49441,1.0
30,47502,1.0
37,50981,1.0
47,51664,1.0
48,52679,2.0
49,51208,1.0
54,50375,1.0
56,54094,1.0
62,51158,1.0
65,43750,1.0
67,53828,2.0
68,56328,3.0
70,43158,1.0
71,40907,1.0
72,55774,1.0
74,51536,1.0
76,50004,2.0
77,43300,2.0
78,58305,1.0
80,48802,1.0
81,59179,1.0
83,51864,1.0
84,56375,1.0
87,56890,2.0
90,57851,1.0
91,53321,1.0
92,53322,1.0
95,50209,2.0
96,59911,1.0
97,56657,2.0
98,55882,1.0
99,187809,1.0
100,50365,1.0
103,42073,1.0
104,57114,1.0
105,61316,1.0
113,60019,2.0
115,58915,1.0
116,55692,1.0
119,57153,1.0
121,61327,1.0
122,58312,1.0
126,51409,1.0
128,55738,1.0
131,55384,2.0
135,59906,1.0
136,62255,1.0
139,39727,1.0
143,61398,1.0
144,49766,1.0
145,55053,2.0
146,61876,1.0
147,6604,1.0
151,62796,1.0
153,54681,1.0
157,39800,1.0
160,64920,1.0
161,58299,1.0
162,64331,1.0
164,64333,1.0
166,54832,1.0
168,58348,1.0
169,59206,1.0
174,55953,1.0
175,58692,1.0
176,58496,1.0
179,58074,1.0
180,57194,1.0
181,48913,1.0
183,60573,1.0
185,61854,2.0
186,63494,1.0
187,58015,1.0
190,39090,1.0
191,64329,2.0
203,68367,1.0
206,58280,1.0
208,68702,1.0
213,50857,1.0
214,68512,1.0
216,69254,1.0
217,67720,1.0
218,71143,1.0
220,61464,1.0
221,40666,1.0
223,66427,1.0
224,72132,1.0
226,71624,1.0
228,47166,2.0
232,72225,1.0
233,67911,1.0
234,44413,1.0
237,71910,1.0
238,72207,1.0
239,61826,1.0
240,67697,1.0
241,67696,1.0
244,58572,1.0
245,45074,1.0
248,69969,1.0
250,190101,2.0
252,62173,2.0
253,57517,1.0
255,69161,1.0
256,71007,1.0
257,51457,1.0
258,69781,1.0
259,53835,1.0
260,53834,1.0
264,45108,1.0
265,69609,1.0
267,48312,1.0
269,66247,1.0
1,289483,1.0
2,266671,1.0
3,266994,1.0
4,291955,1.0
5,272069,1.0
9,275376,2.0
11,290163,1.0
12,274410,1.0
13,268387,1.0
14,264035,1.0
15,292312,1.0
16,290880,1.0
18,294382,1.0
22,288600,1.0
24,280491,1.0
27,296623,1.0
29,284735,1.0
30,265281,1.0
32,286262,1.0
34,268884,1.0
35,277979,1.0
36,289554,2.0
38,289012,1.0
41,260587,1.0
42,293052,1.0
47,265500,1.0
48,292500,1.0
49,270197,1.0
51,281193,1.0
58,282996,1.0
60,274226,1.0
61,276424,1.0
66,285649,1.0
67,272121,1.0
70,272997,1.0
72,271689,1.0
73,291361,1.0
74,289757,1.0
75,253965,1.0
76,270824,1.0
78,276706,2.0
81,279993,2.0
84,269240,1.0
86,275608,1.0
87,287459,1.0
90,265680,1.0
91,265605,1.0
92,290632,1.0
93,266588,1.0
95,267842,1.0
98,290916,1.0
99,268188,2.0
101,295541,1.0
102,252648,1.0
106,300120,1.0
109,290879,1.0
112,283017,1.0
114,266713,1.0
115,262925,3.0
117,280281,2.0
118,290213,1.0
119,270121,1.0
121,289511,1.0
125,270012,1.0
126,261050,1.0
128,272346,1.0
132,259113,1.0
133,268014,1.0
138,284518,1.0
139,267661,2.0
143,262747,1.0
145,277360,2.0
146,286022,1.0
147,269487,1.0
148,289991,1.0
149,269137,1.0
152,282603,1.0
153,293156,1.0
155,265100,1.0
157,291807,1.0
158,264368,2.0
159,262657,1.0
160,274083,1.0
161,264701,1.0
162,276816,1.0
167,270308,1.0
170,271680,1.0
176,269699,1.0
178,271611,2.0
179,288478,1.0
180,270129,1.0
182,283349,1.0
187,278325,1.0
189,279475,1.0
190,275472,1.0
191,278366,2.0
193,296757,1.0
194,275555,1.0
196,276017,1.0
198,289414,1.0
200,278031,2.0
201,290717,2.0
203,289416,1.0
205,273177,2.0
207,291368,1.0
210,277704,1.0
217,291738,1.0
218,281751,1.0
219,292311,1.0
220,270390,2.0
221,266606,1.0
225,294413,1.0
230,264731,2.0
231,275683,1.0
232,274000,2.0
234,277707,1.0
236,273849,1.0
237,288308,1.0
239,283931,3.0
240,271648,2.0
242,292207,1.0
244,276202,1.0
246,257105,2.0
248,256666,1.0
249,258232,2.0
252,290223,2.0
256,290221,1.0
258,275437,1.0
259,278083,1.0
260,273925,2.0
261,278286,1.0
262,271851,1.0
263,266600,1.0
264,267056,1.0
268,273721,1.0
269,270255,1.0
270,288553,1.0
271,260228,1.0
273,293105,1.0
275,291948,1.0
276,292364,2.0
277,266997,2.0
279,273921,1.0
280,275999,1.0
281,291094,1.0
282,270093,1.0
286,263961,1.0
287,264746,1.0
288,280016,1.0
289,281844,1.0
290,284828,2.0
291,281843,2.0
292,281119,2.0
293,292103,1.0
294,276134,1.0
297,267631,2.0
298,287464,1.0
300,291968,1.0
303,274014,2.0
304,288536,1.0
305,272048,1.0
306,276929,1.0
308,285600,2.0
309,255864,1.0
316,288978,1.0
317,294495,2.0
318,266284,1.0
323,300037,1.0
324,260676,1.0
326,292258,2.0
327,267765,1.0
328,260607,1.0
329,292098,2.0
330,285296,1.0
331,259584,2.0
332,298979,1.0
333,268801,2.0
335,272622,1.0
336,274022,1.0
338,267916,1.0
339,266886,1.0
341,291328,1.0
343,256556,2.0
344,289485,1.0
353,269612,1.0
354,284934,1.0
355,265054,1.0
356,263221,1.0
358,282773,1.0
359,274535,1.0
361,287414,2.0
363,277663,1.0
364,278968,1.0
368,269044,1.0
371,267870,1.0
374,255379,2.0
375,267669,1.0
376,265985,1.0
377,269988,1.0
378,268302,1.0
380,258112,1.0
383,278794,1.0
385,266704,1.0
386,270222,2.0
389,294079,1.0
391,261332,1.0
392,267449,2.0
393,270347,1.0
394,284147,1.0
395,278042,1.0
396,284671,2.0
397,293903,1.0
398,274396,1.0
404,272133,1.0
405,269690,1.0
406,264505,1.0
408,289833,1.0
410,277364,1.0
411,278643,1.0
412,289427,1.0
414,283109,1.0
415,290475,1.0
417,270193,1.0
418,298904,1.0
420,276600,1.0
421,277043,2.0
422,266715,2.0
424,258403,1.0
425,280928,1.0
426,284467,1.0
429,294207,1.0
432,268799,2.0
433,272616,1.0
434,261501,1.0
435,262306,1.0
436,263966,1.0
437,292674,1.0
438,300602,1.0
439,271899,1.0
443,274424,1.0
444,292322,1.0
445,276985,1.0
446,276231,2.0
449,298394,1.0
451,266382,1.0
452,276089,1.0
453,277440,2.0
455,274381,1.0
457,294434,1.0
459,265072,1.0
460,258440,1.0
465,290424,1.0
467,279398,1.0
468,291876,1.0
470,269676,1.0
471,279320,1.0
476,263913,1.0
478,284875,1.0
479,270360,1.0
480,264716,1.0
486,274327,1.0
489,274979,1.0
492,288218,1.0
496,276532,3.0
498,270115,1.0
501,274460,2.0
502,263485,1.0
503,265645,2.0
504,269201,1.0
509,265197,1.0
510,290175,1.0
512,269388,1.0
513,280550,1.0
514,267753,1.0
515,250824,1.0
516,280816,1.0
517,256710,2.0
519,266218,1.0
525,278091,1.0
527,291135,1.0
529,287416,1.0
531,289205,1.0
537,276493,1.0
538,288309,1.0
542,296710,1.0
546,290665,1.0
547,248126,2.0
551,280439,1.0
552,265136,1.0
553,272363,1.0
555,266120,1.0
556,278003,1.0
557,290815,2.0
559,278734,1.0
560,269628,1.0
561,272693,1.0
563,290214,1.0
564,260368,1.0
566,292216,2.0
567,267112,1.0
569,271949,1.0
570,288962,1.0
571,282541,1.0
573,275318,1.0
574,300090,1.0
576,268171,1.0
579,274151,1.0
580,283657,1.0
584,278567,1.0
586,268972,1.0
587,273615,2.0
591,268044,2.0
592,273845,1.0
596,285878,1.0
599,278942,1.0
600,294956,1.0
603,289482,1.0
606,268350,1.0
608,268072,1.0
609,276147,1.0
612,269446,1.0
614,281433,1.0
616,264663,1.0
619,259110,1.0
621,270499,1.0
622,269578,1.0
623,268848,1.0
624,278936,1.0
626,292392,1.0
627,288588,2.0
628,262921,1.0
629,272162,1.0
631,282529,1.0
632,268138,1.0
635,277356,1.0
636,281950,1.0
637,289912,1.0
639,290800,1.0
640,284847,1.0
644,287740,2.0
646,287456,1.0
647,285208,1.0
648,285413,2.0
649,284145,2.0
655,262420,1.0
656,277458,1.0
658,291036,2.0
661,277734,1.0
662,290288,1.0
664,291618,2.0
665,278825,1.0
666,266014,1.0
668,265392,1.0
670,265038,1.0
671,278773,1.0
672,282871,2.0
673,259577,1.0
674,274372,2.0
676,282064,1.0
678,282300,1.0
680,282530,1.0
685,301027,1.0
687,281895,2.0
688,262118,1.0
690,281089,2.0
693,290598,1.0
696,298244,1.0
699,270695,1.0
701,283042,1.0
704,276150,1.0
705,277917,1.0
706,266848,2.0
708,266723,1.0
709,255450,2.0
712,277638,2.0
716,268088,2.0
720,257358,1.0
723,290131,1.0
724,274205,1.0
727,291743,2.0
730,262858,1.0
731,278609,1.0
732,270298,1.0
733,263775,1.0
735,268191,1.0
738,296901,2.0
741,250305,1.0
742,283368,1.0
743,289472,1.0
751,279549,2.0
753,270020,1.0
754,275413,1.0
755,293231,1.0
757,280777,1.0
760,264706,1.0
762,287949,1.0
767,273767,1.0
768,270483,1.0
769,274252,2.0
771,280649,1.0
772,268006,1.0
774,260888,1.0
777,268216,1.0
779,251233,2.0
780,266763,1.0
781,266053,1.0
783,264497,1.0
784,268096,1.0
787,274150,1.0
789,266838,1.0
791,266285,1.0
792,295813,1.0
795,283310,1.0
799,265153,2.0
801,267665,2.0
802,258371,1.0
804,265290,1.0
806,271697,1.0
807,284911,1.0
811,273489,1.0
820,291833,1.0
822,276073,1.0
824,280534,1.0
826,288130,2.0
828,280072,1.0
829,290022,1.0
832,288721,1.0
833,294885,1.0
835,275212,1.0
836,275225,1.0
837,276932,1.0
839,263101,2.0
841,281741,1.0
842,283307,2.0
844,266707,1.0
847,258950,1.0
848,290987,1.0
850,282955,1.0
851,274694,2.0
853,281651,1.0
854,278950,1.0
855,287513,1.0
857,291040,1.0
858,284290,2.0
862,270500,1.0
863,250226,1.0
865,278307,1.0
867,267624,1.0
868,297745,1.0
870,267938,2.0
871,283394,1.0
875,284014,2.0
876,280770,1.0
879,258432,1.0
885,258501,1.0
886,273958,1.0
888,279239,1.0
889,278548,1.0
890,262037,1.0
891,269006,1.0
892,261525,1.0
896,279443,2.0
897,264034,1.0
898,281567,2.0
899,301198,1.0
900,289734,1.0
903,274452,1.0
904,275367,1.0
906,290258,1.0
908,268034,1.0
909,280541,1.0
910,269798,2.0
912,277186,1.0
913,258228,1.0
915,276368,1.0
918,275599,1.0
919,290280,1.0
920,270424,1.0
921,259356,1.0
924,281117,1.0
925,274377,1.0
926,283627,1.0
927,291405,2.0
931,254200,1.0
936,289538,2.0
937,295232,2.0
945,298984,1.0
946,278444,2.0
947,283146,1.0
948,279629,1.0
950,268104,1.0
954,272639,1.0
956,291107,1.0
957,288997,1.0
960,253550,1.0
963,269803,1.0
964,257430,1.0
965,286421,1.0
966,265959,1.0
968,275997,1.0
969,250289,1.0
971,295144,1.0
972,264611,1.0
978,255312,1.0
979,281371,1.0
982,280687,1.0
984,294925,1.0
985,290196,1.0
986,290839,1.0
987,300021,3.0
991,268145,1.0
992,262345,1.0
993,263948,2.0
994,274666,1.0
998,269371,1.0
999,279284,1.0
1000,288123,1.0
1005,277891,2.0
1006,274032,2.0
1007,282582,1.0
1010,299815,1.0
1011,283301,1.0
1013,264018,1.0
1015,285081,2.0
1017,273046,1.0
1020,279082,1.0
1022,285015,1.0
1023,264008,1.0
1026,301231,1.0
1028,277626,1.0
1029,290554,1.0
1035,268434,2.0
1037,267504,1.0
1039,279397,1.0
1041,292401,2.0
1043,287723,1.0
1047,284677,1.0
1049,265117,1.0
1050,279754,1.0
1051,272411,1.0
1052,292197,2.0
1053,293794,1.0
1055,281228,1.0
1056,297665,1.0
1057,271592,1.0
1059,289712,2.0
1061,281043,2.0
1065,287582,1.0
1066,282708,1.0
1068,271644,1.0
1070,274441,1.0
1072,275759,1.0
1073,288148,1.0
1074,272929,1.0
1075,276758,1.0
1081,279520,1.0
1082,282099,2.0
1083,282378,2.0
1085,283677,1.0
1086,289226,1.0
1087,294026,1.0
1088,262087,1.0
1090,278556,1.0
1091,279089,1.0
1092,275524,1.0
1093,282236,2.0
1094,276142,1.0
1096,296720,1.0
1097,299999,1.0
1099,276614,3.0
1100,291841,1.0
1101,280633,1.0
1104,278191,1.0
1107,291556,1.0
1109,271622,1.0
1111,255126,1.0
1115,291850,1.0
1116,263212,2.0
1117,270688,1.0
1118,289463,1.0
1122,274641,2.0
1124,282209,1.0
1125,269452,1.0
1128,283518,1.0
1129,274280,2.0
1133,275671,2.0
1134,291258,1.0
1135,265095,2.0
1137,266199,1.0
1138,255142,1.0
1141,269439,1.0
1142,272950,1.0
1143,262465,1.0
1145,291003,1.0
1146,291847,1.0
1147,288612,1.0
1150,288398,1.0
1152,274991,1.0
1155,288458,2.0
1157,287923,2.0
1159,269364,1.0
1160,290273,1.0
1162,275598,1.0
1166,288734,1.0
1167,291205,1.0
1171,267953,1.0
1174,290052,1.0
1178,286324,1.0
1181,282065,1.0
1185,280147,2.0
1187,275900,2.0
1192,277710,1.0
1194,297690,1.0
1195,282853,1.0
1196,263405,3.0
